<metadata xml:lang="en"><Esri><CreaDate>20230530</CreaDate><CreaTime>08462600</CreaTime><ArcGISFormat>1.0</ArcGISFormat><SyncOnce>FALSE</SyncOnce><DataProperties><itemProps><itemName Sync="TRUE">gdi_nests_Merge</itemName><imsContentType Sync="TRUE">002</imsContentType><itemLocation><linkage Sync="TRUE">file://\\PC03345\C$\Users\whodge24\Desktop\New folder\gdi_nests\gdi_nests_Merge.shp</linkage><protocol Sync="TRUE">Local Area Network</protocol></itemLocation><itemSize Sync="TRUE">0.000</itemSize></itemProps><coordRef><type Sync="TRUE">Projected</type><geogcsn Sync="TRUE">GCS_NAD_1983_CORS96</geogcsn><csUnits Sync="TRUE">Linear Unit: Meter (1.000000)</csUnits><projcsn Sync="TRUE">NAD_1983_CORS96_UTM_Zone_19N</projcsn><peXml Sync="TRUE">&lt;ProjectedCoordinateSystem xsi:type='typens:ProjectedCoordinateSystem' xmlns:xsi='http://www.w3.org/2001/XMLSchema-instance' xmlns:xs='http://www.w3.org/2001/XMLSchema' xmlns:typens='http://www.esri.com/schemas/ArcGIS/3.1.0'&gt;&lt;WKT&gt;PROJCS[&amp;quot;NAD_1983_CORS96_UTM_Zone_19N&amp;quot;,GEOGCS[&amp;quot;GCS_NAD_1983_CORS96&amp;quot;,DATUM[&amp;quot;D_NAD_1983_CORS96&amp;quot;,SPHEROID[&amp;quot;GRS_1980&amp;quot;,6378137.0,298.257222101]],PRIMEM[&amp;quot;Greenwich&amp;quot;,0.0],UNIT[&amp;quot;Degree&amp;quot;,0.0174532925199433]],PROJECTION[&amp;quot;Transverse_Mercator&amp;quot;],PARAMETER[&amp;quot;False_Easting&amp;quot;,500000.0],PARAMETER[&amp;quot;False_Northing&amp;quot;,0.0],PARAMETER[&amp;quot;Central_Meridian&amp;quot;,-69.0],PARAMETER[&amp;quot;Scale_Factor&amp;quot;,0.9996],PARAMETER[&amp;quot;Latitude_Of_Origin&amp;quot;,0.0],UNIT[&amp;quot;Meter&amp;quot;,1.0],AUTHORITY[&amp;quot;Esri&amp;quot;,102419]]&lt;/WKT&gt;&lt;XOrigin&gt;-5120900&lt;/XOrigin&gt;&lt;YOrigin&gt;-9998100&lt;/YOrigin&gt;&lt;XYScale&gt;450445547.3910538&lt;/XYScale&gt;&lt;ZOrigin&gt;-100000&lt;/ZOrigin&gt;&lt;ZScale&gt;10000&lt;/ZScale&gt;&lt;MOrigin&gt;-100000&lt;/MOrigin&gt;&lt;MScale&gt;10000&lt;/MScale&gt;&lt;XYTolerance&gt;0.001&lt;/XYTolerance&gt;&lt;ZTolerance&gt;0.001&lt;/ZTolerance&gt;&lt;MTolerance&gt;0.001&lt;/MTolerance&gt;&lt;HighPrecision&gt;true&lt;/HighPrecision&gt;&lt;WKID&gt;102419&lt;/WKID&gt;&lt;LatestWKID&gt;102419&lt;/LatestWKID&gt;&lt;/ProjectedCoordinateSystem&gt;</peXml></coordRef><lineage><Process ToolSource="c:\program files\arcgis\pro\Resources\ArcToolbox\toolboxes\Data Management Tools.tbx\Merge" Date="20230530" Time="084626">Merge 'May 11th north end';'May 13th north end';'May 16th north end';'May 29th north end';'May 8th North End';May_24_north_end C:\Users\IslandRs\Documents\ArcGIS\Projects\Colonydevelopement2023\Colonydevelopement2023.gdb\all_north_end_may_29 "Comment "Comment" true true false 32 Text 0 0,First,#,May 11th north end,Comment,0,32,May 13th north end,Comment,0,32,May 16th north end,Comment,0,32,May 29th north end,Comment,0,32,May 8th North End,Comment,0,32,May_24_north_end,Comment,0,32;Max_PDOP "Max_PDOP" true true false 5 Float 1 4,First,#,May 11th north end,Max_PDOP,-1,-1,May 13th north end,Max_PDOP,-1,-1,May 16th north end,Max_PDOP,-1,-1,May 29th north end,Max_PDOP,-1,-1,May 8th North End,Max_PDOP,-1,-1,May_24_north_end,Max_PDOP,-1,-1;Corr_Type "Corr_Type" true true false 36 Text 0 0,First,#,May 11th north end,Corr_Type,0,36,May 13th north end,Corr_Type,0,36,May 16th north end,Corr_Type,0,36,May 29th north end,Corr_Type,0,36,May 8th North End,Corr_Type,0,36,May_24_north_end,Corr_Type,0,36;Rcvr_Type "Rcvr_Type" true true false 36 Text 0 0,First,#,May 11th north end,Rcvr_Type,0,36,May 13th north end,Rcvr_Type,0,36,May 16th north end,Rcvr_Type,0,36,May 29th north end,Rcvr_Type,0,36,May 8th North End,Rcvr_Type,0,36,May_24_north_end,Rcvr_Type,0,36;GPS_Date "GPS_Date" true true false 8 Date 0 0,First,#,May 11th north end,GPS_Date,-1,-1,May 13th north end,GPS_Date,-1,-1,May 16th north end,GPS_Date,-1,-1,May 29th north end,GPS_Date,-1,-1,May 8th North End,GPS_Date,-1,-1,May_24_north_end,GPS_Date,-1,-1;GPS_Time "GPS_Time" true true false 10 Text 0 0,First,#,May 11th north end,GPS_Time,0,10,May 13th north end,GPS_Time,0,10,May 16th north end,GPS_Time,0,10,May 29th north end,GPS_Time,0,10,May 8th North End,GPS_Time,0,10,May_24_north_end,GPS_Time,0,10;Feat_Name "Feat_Name" true true false 20 Text 0 0,First,#,May 11th north end,Feat_Name,0,20,May 13th north end,Feat_Name,0,20,May 16th north end,Feat_Name,0,20,May 29th north end,Feat_Name,0,20,May 8th North End,Feat_Name,0,20,May_24_north_end,Feat_Name,0,20;Horz_Prec "Horz_Prec" true true false 16 Double 1 15,First,#,May 11th north end,Horz_Prec,-1,-1,May 13th north end,Horz_Prec,-1,-1,May 16th north end,Horz_Prec,-1,-1,May 29th north end,Horz_Prec,-1,-1,May 8th North End,Horz_Prec,-1,-1,May_24_north_end,Horz_Prec,-1,-1;Point_ID "Point_ID" true true false 9 Long 0 9,First,#,May 11th north end,Point_ID,-1,-1,May 13th north end,Point_ID,-1,-1,May 16th north end,Point_ID,-1,-1,May 29th north end,Point_ID,-1,-1,May 8th North End,Point_ID,-1,-1,May_24_north_end,Point_ID,-1,-1" NO_SOURCE_INFO</Process><Process ToolSource="c:\program files\arcgis\pro\Resources\ArcToolbox\toolboxes\Data Management Tools.tbx\Merge" Date="20230623" Time="074947">Merge all_north_end_may_29;June_16th_north_end C:\Users\IslandRs\Documents\ArcGIS\Projects\Colonydevelopement2023\Colonydevelopement2023.gdb\all_north_end "Comment "Comment" true true false 32 Text 0 0,First,#,all_north_end_may_29,Comment,0,32,June_16th_north_end,Comment,0,32;Max_PDOP "Max_PDOP" true true false 4 Float 0 0,First,#,all_north_end_may_29,Max_PDOP,-1,-1,June_16th_north_end,Max_PDOP,-1,-1;Corr_Type "Corr_Type" true true false 36 Text 0 0,First,#,all_north_end_may_29,Corr_Type,0,36,June_16th_north_end,Corr_Type,0,36;Rcvr_Type "Rcvr_Type" true true false 36 Text 0 0,First,#,all_north_end_may_29,Rcvr_Type,0,36,June_16th_north_end,Rcvr_Type,0,36;GPS_Date "GPS_Date" true true false 8 Date 0 0,First,#,all_north_end_may_29,GPS_Date,-1,-1,June_16th_north_end,GPS_Date,-1,-1;GPS_Time "GPS_Time" true true false 10 Text 0 0,First,#,all_north_end_may_29,GPS_Time,0,10,June_16th_north_end,GPS_Time,0,10;Feat_Name "Feat_Name" true true false 20 Text 0 0,First,#,all_north_end_may_29,Feat_Name,0,20,June_16th_north_end,Feat_Name,0,20;Horz_Prec "Horz_Prec" true true false 8 Double 0 0,First,#,all_north_end_may_29,Horz_Prec,-1,-1,June_16th_north_end,Horz_Prec,-1,-1;Point_ID "Point_ID" true true false 4 Long 0 0,First,#,all_north_end_may_29,Point_ID,-1,-1,June_16th_north_end,Point_ID,-1,-1" NO_SOURCE_INFO</Process><Process ToolSource="c:\program files\arcgis\pro\Resources\ArcToolbox\toolboxes\Data Management Tools.tbx\Merge" Date="20230623" Time="075049">Merge all_north_end;all_south_end_june_7 C:\Users\IslandRs\Documents\ArcGIS\Projects\Colonydevelopement2023\Colonydevelopement2023.gdb\gulls2023 "Comment "Comment" true true false 32 Text 0 0,First,#,all_north_end_may_29,Comment,0,32,June_16th_north_end,Comment,0,32;Max_PDOP "Max_PDOP" true true false 4 Float 0 0,First,#,all_north_end_may_29,Max_PDOP,-1,-1,June_16th_north_end,Max_PDOP,-1,-1;Corr_Type "Corr_Type" true true false 36 Text 0 0,First,#,all_north_end_may_29,Corr_Type,0,36,June_16th_north_end,Corr_Type,0,36;Rcvr_Type "Rcvr_Type" true true false 36 Text 0 0,First,#,all_north_end_may_29,Rcvr_Type,0,36,June_16th_north_end,Rcvr_Type,0,36;GPS_Date "GPS_Date" true true false 8 Date 0 0,First,#,all_north_end_may_29,GPS_Date,-1,-1,June_16th_north_end,GPS_Date,-1,-1;GPS_Time "GPS_Time" true true false 10 Text 0 0,First,#,all_north_end_may_29,GPS_Time,0,10,June_16th_north_end,GPS_Time,0,10;Feat_Name "Feat_Name" true true false 20 Text 0 0,First,#,all_north_end_may_29,Feat_Name,0,20,June_16th_north_end,Feat_Name,0,20;Horz_Prec "Horz_Prec" true true false 8 Double 0 0,First,#,all_north_end_may_29,Horz_Prec,-1,-1,June_16th_north_end,Horz_Prec,-1,-1;Point_ID "Point_ID" true true false 4 Long 0 0,First,#,all_north_end_may_29,Point_ID,-1,-1,June_16th_north_end,Point_ID,-1,-1" NO_SOURCE_INFO</Process><Process ToolSource="c:\program files\arcgis\pro\Resources\ArcToolbox\toolboxes\Conversion Tools.tbx\ExportFeatures" Date="20230912" Time="131144">ExportFeatures gulls2023 C:\Users\whodge24\Documents\ArcGIS\Packages\Colonydevelopement2023_5673bb\p30\colonydevelopement2023.gdb\north_end_only # NOT_USE_ALIAS "Comment "Comment" true true false 32 Text 0 0,First,#,gulls2023,Comment,0,32;Max_PDOP "Max_PDOP" true true false 4 Float 0 0,First,#,gulls2023,Max_PDOP,-1,-1;Corr_Type "Corr_Type" true true false 36 Text 0 0,First,#,gulls2023,Corr_Type,0,36;Rcvr_Type "Rcvr_Type" true true false 36 Text 0 0,First,#,gulls2023,Rcvr_Type,0,36;GPS_Date "GPS_Date" true true false 8 Date 0 0,First,#,gulls2023,GPS_Date,-1,-1;GPS_Time "GPS_Time" true true false 10 Text 0 0,First,#,gulls2023,GPS_Time,0,10;Feat_Name "Feat_Name" true true false 20 Text 0 0,First,#,gulls2023,Feat_Name,0,20;Horz_Prec "Horz_Prec" true true false 8 Double 0 0,First,#,gulls2023,Horz_Prec,-1,-1;Point_ID "Point_ID" true true false 4 Long 0 0,First,#,gulls2023,Point_ID,-1,-1" #</Process><Process ToolSource="c:\program files\arcgis\pro\Resources\ArcToolbox\toolboxes\Data Management Tools.tbx\UpdateSchema" Date="20230912" Time="132413">UpdateSchema "CIMDATA=&lt;CIMStandardDataConnection xsi:type='typens:CIMStandardDataConnection' xmlns:xsi='http://www.w3.org/2001/XMLSchema-instance' xmlns:xs='http://www.w3.org/2001/XMLSchema' xmlns:typens='http://www.esri.com/schemas/ArcGIS/3.1.0'&gt;&lt;WorkspaceConnectionString&gt;DATABASE=C:\Users\whodge24\Documents\ArcGIS\Packages\Colonydevelopement2023_5673bb\p30\colonydevelopement2023.gdb&lt;/WorkspaceConnectionString&gt;&lt;WorkspaceFactory&gt;FileGDB&lt;/WorkspaceFactory&gt;&lt;Dataset&gt;north_end_only&lt;/Dataset&gt;&lt;DatasetType&gt;esriDTFeatureClass&lt;/DatasetType&gt;&lt;/CIMStandardDataConnection&gt;" &lt;operationSequence&gt;&lt;workflow&gt;&lt;AddField&gt;&lt;field_name&gt;Field&lt;/field_name&gt;&lt;field_type&gt;LONG&lt;/field_type&gt;&lt;field_is_nullable&gt;True&lt;/field_is_nullable&gt;&lt;field_is_required&gt;False&lt;/field_is_required&gt;&lt;/AddField&gt;&lt;/workflow&gt;&lt;/operationSequence&gt;</Process><Process ToolSource="c:\program files\arcgis\pro\Resources\ArcToolbox\toolboxes\Data Management Tools.tbx\DeleteField" Date="20230912" Time="132523">DeleteField north_end_only Sheet1__nest "Delete Fields"</Process><Process ToolSource="c:\program files\arcgis\pro\Resources\ArcToolbox\toolboxes\Conversion Tools.tbx\ExportFeatures" Date="20230912" Time="133640">ExportFeatures north_end_only C:\Users\whodge24\Documents\ArcGIS\Packages\Colonydevelopement2023_5673bb\p30\colonydevelopement2023.gdb\north_end_only_ex # NOT_USE_ALIAS "Comment "Comment" true true false 32 Text 0 0,First,#,north_end_only,north_end_only.Comment,0,32;Max_PDOP "Max_PDOP" true true false 4 Float 0 0,First,#,north_end_only,north_end_only.Max_PDOP,-1,-1;Corr_Type "Corr_Type" true true false 36 Text 0 0,First,#,north_end_only,north_end_only.Corr_Type,0,36;Rcvr_Type "Rcvr_Type" true true false 36 Text 0 0,First,#,north_end_only,north_end_only.Rcvr_Type,0,36;GPS_Date "GPS_Date" true true false 8 Date 0 0,First,#,north_end_only,north_end_only.GPS_Date,-1,-1;GPS_Time "GPS_Time" true true false 10 Text 0 0,First,#,north_end_only,north_end_only.GPS_Time,0,10;Feat_Name "Feat_Name" true true false 20 Text 0 0,First,#,north_end_only,north_end_only.Feat_Name,0,20;Horz_Prec "Horz_Prec" true true false 8 Double 0 0,First,#,north_end_only,north_end_only.Horz_Prec,-1,-1;Point_ID "Point_ID" true true false 4 Long 0 0,First,#,north_end_only,north_end_only.Point_ID,-1,-1;Field "Field" true true false 4 Long 0 0,First,#,north_end_only,north_end_only.Field,-1,-1;nest "nest" true true false 8 Double 0 0,First,#,north_end_only,Sheet1$.nest,-1,-1;species "species" true true false 255 Text 0 0,First,#,north_end_only,Sheet1$.species,0,255;clutch "clutch" true true false 8 Double 0 0,First,#,north_end_only,Sheet1$.clutch,-1,-1;ObjectID "ObjectID" false true false 4 Long 0 9,First,#,north_end_only,Sheet1$.ObjectID,-1,-1" #</Process><Process ToolSource="c:\program files\arcgis\pro\Resources\ArcToolbox\toolboxes\Data Management Tools.tbx\CalculateField" Date="20230912" Time="133720">CalculateField north_end_only_ex species 'herg' "Python 3" # Text NO_ENFORCE_DOMAINS</Process><Process ToolSource="c:\program files\arcgis\pro\Resources\ArcToolbox\toolboxes\Data Management Tools.tbx\Merge" Date="20230912" Time="134143">Merge north_end_only;south_end_only C:\Users\whodge24\Documents\ArcGIS\Packages\Colonydevelopement2023_5673bb\p30\colonydevelopement2023.gdb\gdi_nests "Comment "Comment" true true false 32 Text 0 0,First,#,north_end_only,Comment,0,32,south_end_only,Comment,0,32;Max_PDOP "Max_PDOP" true true false 4 Float 0 0,First,#,north_end_only,Max_PDOP,-1,-1,south_end_only,Max_PDOP,-1,-1;Corr_Type "Corr_Type" true true false 36 Text 0 0,First,#,north_end_only,Corr_Type,0,36,south_end_only,Corr_Type,0,36;Rcvr_Type "Rcvr_Type" true true false 36 Text 0 0,First,#,north_end_only,Rcvr_Type,0,36,south_end_only,Rcvr_Type,0,36;GPS_Date "GPS_Date" true true false 8 Date 0 0,First,#,north_end_only,GPS_Date,-1,-1,south_end_only,GPS_Date,-1,-1;GPS_Time "GPS_Time" true true false 10 Text 0 0,First,#,north_end_only,GPS_Time,0,10,south_end_only,GPS_Time,0,10;Feat_Name "Feat_Name" true true false 20 Text 0 0,First,#,north_end_only,Feat_Name,0,20,south_end_only,Feat_Name,0,20;Horz_Prec "Horz_Prec" true true false 8 Double 0 0,First,#,north_end_only,Horz_Prec,-1,-1,south_end_only,Horz_Prec,-1,-1;Point_ID "Point_ID" true true false 4 Long 0 0,First,#,north_end_only,Point_ID,-1,-1,south_end_only,Point_ID,-1,-1;Field "Field" true true false 4 Long 0 0,First,#,north_end_only,Field,-1,-1;nest "nest" true true false 8 Double 0 0,First,#,north_end_only,nest,-1,-1,south_end_only,nest,-1,-1;species "species" true true false 255 Text 0 0,First,#,north_end_only,species,0,255,south_end_only,species,0,255;clutch "clutch" true true false 8 Double 0 0,First,#,north_end_only,clutch,-1,-1,south_end_only,clutch,-1,-1;ObjectID "ObjectID" true true false 4 Long 0 0,First,#,north_end_only,ObjectID,-1,-1,south_end_only,ObjectID,-1,-1" NO_SOURCE_INFO</Process><Process ToolSource="c:\program files\arcgis\pro\Resources\ArcToolbox\toolboxes\Data Management Tools.tbx\Merge" Date="20230913" Time="094645">Merge gdi_nests;'missed nests';Point_generic;Point_generic C:\Users\whodge24\Documents\ArcGIS\Packages\Colonydevelopement2023_5673bb\p30\colonydevelopement2023.gdb\gdi_nests_Merge "Comment "Comment" true true false 32 Text 0 0,First,#,gdi_nests,Comment,0,32,missed nests,Comment,0,32,Point_generic,Comment,0,32,Point_generic,Comment,0,32;Max_PDOP "Max_PDOP" true true false 4 Float 0 0,First,#,gdi_nests,Max_PDOP,-1,-1,missed nests,Max_PDOP,-1,-1,Point_generic,Max_PDOP,-1,-1,Point_generic,Max_PDOP,-1,-1;Corr_Type "Corr_Type" true true false 36 Text 0 0,First,#,gdi_nests,Corr_Type,0,36,missed nests,Corr_Type,0,36,Point_generic,Corr_Type,0,36,Point_generic,Corr_Type,0,36;Rcvr_Type "Rcvr_Type" true true false 36 Text 0 0,First,#,gdi_nests,Rcvr_Type,0,36,missed nests,Rcvr_Type,0,36,Point_generic,Rcvr_Type,0,36,Point_generic,Rcvr_Type,0,36;GPS_Date "GPS_Date" true true false 8 Date 0 0,First,#,gdi_nests,GPS_Date,-1,-1,missed nests,GPS_Date,-1,-1,Point_generic,GPS_Date,-1,-1,Point_generic,GPS_Date,-1,-1;GPS_Time "GPS_Time" true true false 10 Text 0 0,First,#,gdi_nests,GPS_Time,0,10,missed nests,GPS_Time,0,10,Point_generic,GPS_Time,0,10,Point_generic,GPS_Time,0,10;Feat_Name "Feat_Name" true true false 20 Text 0 0,First,#,gdi_nests,Feat_Name,0,20,missed nests,Feat_Name,0,20,Point_generic,Feat_Name,0,20,Point_generic,Feat_Name,0,20;Horz_Prec "Horz_Prec" true true false 8 Double 0 0,First,#,gdi_nests,Horz_Prec,-1,-1,missed nests,Horz_Prec,-1,-1,Point_generic,Horz_Prec,-1,-1,Point_generic,Horz_Prec,-1,-1;Point_ID "Point_ID" true true false 4 Long 0 0,First,#,gdi_nests,Point_ID,-1,-1,missed nests,Point_ID,-1,-1,Point_generic,Point_ID,-1,-1,Point_generic,Point_ID,-1,-1;Field "Field" true true false 4 Long 0 0,First,#,gdi_nests,Field,-1,-1;nest "nest" true true false 8 Double 0 0,First,#,gdi_nests,nest,-1,-1;species "species" true true false 255 Text 0 0,First,#,gdi_nests,species,0,255;clutch "clutch" true true false 8 Double 0 0,First,#,gdi_nests,clutch,-1,-1;ObjectID "ObjectID" true true false 4 Long 0 0,First,#,gdi_nests,ObjectID,-1,-1" NO_SOURCE_INFO</Process><Process ToolSource="c:\program files\arcgis\pro\Resources\ArcToolbox\toolboxes\Data Management Tools.tbx\CalculateField" Date="20230913" Time="100805">CalculateField gdi_nests_Merge species 'herg' "Python 3" # Text NO_ENFORCE_DOMAINS</Process><Process ToolSource="c:\program files\arcgis\pro\Resources\ArcToolbox\toolboxes\Data Management Tools.tbx\CopyFeatures" Date="20231019" Time="125623">CopyFeatures gdi_nests_Merge "C:\Users\whodge24\Desktop\New folder\gdi_nests\gdi_nests_Merge.shp" # # # #</Process></lineage></DataProperties><SyncDate>20231019</SyncDate><SyncTime>12562300</SyncTime><ModDate>20231019</ModDate><ModTime>12562300</ModTime></Esri><dataIdInfo><envirDesc Sync="TRUE">Microsoft Windows 10 Version 10.0 (Build 19045) ; Esri ArcGIS 13.1.3.41833</envirDesc><dataLang><languageCode value="eng" Sync="TRUE"></languageCode><countryCode value="USA" Sync="TRUE"></countryCode></dataLang><idCitation><resTitle Sync="TRUE">gdi_nests_Merge</resTitle><presForm><PresFormCd value="005" Sync="TRUE"></PresFormCd></presForm></idCitation><spatRpType><SpatRepTypCd value="001" Sync="TRUE"></SpatRepTypCd></spatRpType></dataIdInfo><mdLang><languageCode value="eng" Sync="TRUE"></languageCode><countryCode value="USA" Sync="TRUE"></countryCode></mdLang><distInfo><distFormat><formatName Sync="TRUE">Shapefile</formatName></distFormat><distTranOps><transSize Sync="TRUE">0.000</transSize></distTranOps></distInfo><mdHrLv><ScopeCd value="005" Sync="TRUE"></ScopeCd></mdHrLv><mdHrLvName Sync="TRUE">dataset</mdHrLvName><refSysInfo><RefSystem><refSysID><identCode code="102419" Sync="TRUE"></identCode><idCodeSpace Sync="TRUE">Esri</idCodeSpace><idVersion Sync="TRUE">10.0.0</idVersion></refSysID></RefSystem></refSysInfo><spatRepInfo><VectSpatRep><geometObjs Name="gdi_nests_Merge"><geoObjTyp><GeoObjTypCd value="004" Sync="TRUE"></GeoObjTypCd></geoObjTyp><geoObjCnt Sync="TRUE">0</geoObjCnt></geometObjs><topLvl><TopoLevCd value="001" Sync="TRUE"></TopoLevCd></topLvl></VectSpatRep></spatRepInfo><spdoinfo><ptvctinf><esriterm Name="gdi_nests_Merge"><efeatyp Sync="TRUE">Simple</efeatyp><efeageom code="1" Sync="TRUE"></efeageom><esritopo Sync="TRUE">FALSE</esritopo><efeacnt Sync="TRUE">0</efeacnt><spindex Sync="TRUE">FALSE</spindex><linrefer Sync="TRUE">FALSE</linrefer></esriterm></ptvctinf></spdoinfo><eainfo><detailed Name="gdi_nests_Merge"><enttyp><enttypl Sync="TRUE">gdi_nests_Merge</enttypl><enttypt Sync="TRUE">Feature Class</enttypt><enttypc Sync="TRUE">0</enttypc></enttyp><attr><attrlabl Sync="TRUE">FID</attrlabl><attalias Sync="TRUE">FID</attalias><attrtype Sync="TRUE">OID</attrtype><attwidth Sync="TRUE">4</attwidth><atprecis Sync="TRUE">0</atprecis><attscale Sync="TRUE">0</attscale><attrdef Sync="TRUE">Internal feature number.</attrdef><attrdefs Sync="TRUE">Esri</attrdefs><attrdomv><udom Sync="TRUE">Sequential unique whole numbers that are automatically generated.</udom></attrdomv></attr><attr><attrlabl Sync="TRUE">OBJECTID</attrlabl><attalias Sync="TRUE">ObjectID</attalias><attrtype Sync="TRUE">Integer</attrtype><attwidth Sync="TRUE">10</attwidth><atprecis Sync="TRUE">10</atprecis><attscale Sync="TRUE">0</attscale><attrdef Sync="TRUE">Internal feature number.</attrdef><attrdefs Sync="TRUE">Esri</attrdefs><attrdomv><udom Sync="TRUE">Sequential unique whole numbers that are automatically generated.</udom></attrdomv></attr><attr><attrlabl Sync="TRUE">Shape</attrlabl><attalias Sync="TRUE">Shape</attalias><attrtype Sync="TRUE">Geometry</attrtype><attwidth Sync="TRUE">0</attwidth><atprecis Sync="TRUE">0</atprecis><attscale Sync="TRUE">0</attscale><attrdef Sync="TRUE">Feature geometry.</attrdef><attrdefs Sync="TRUE">Esri</attrdefs><attrdomv><udom Sync="TRUE">Coordinates defining the features.</udom></attrdomv></attr><attr><attrlabl Sync="TRUE">Comment</attrlabl><attalias Sync="TRUE">Comment</attalias><attrtype Sync="TRUE">String</attrtype><attwidth Sync="TRUE">32</attwidth><atprecis Sync="TRUE">0</atprecis><attscale Sync="TRUE">0</attscale></attr><attr><attrlabl Sync="TRUE">Max_PDOP</attrlabl><attalias Sync="TRUE">Max_PDOP</attalias><attrtype Sync="TRUE">Single</attrtype><attwidth Sync="TRUE">13</attwidth><atprecis Sync="TRUE">0</atprecis><attscale Sync="TRUE">0</attscale></attr><attr><attrlabl Sync="TRUE">Corr_Type</attrlabl><attalias Sync="TRUE">Corr_Type</attalias><attrtype Sync="TRUE">String</attrtype><attwidth Sync="TRUE">36</attwidth><atprecis Sync="TRUE">0</atprecis><attscale Sync="TRUE">0</attscale></attr><attr><attrlabl Sync="TRUE">Rcvr_Type</attrlabl><attalias Sync="TRUE">Rcvr_Type</attalias><attrtype Sync="TRUE">String</attrtype><attwidth Sync="TRUE">36</attwidth><atprecis Sync="TRUE">0</atprecis><attscale Sync="TRUE">0</attscale></attr><attr><attrlabl Sync="TRUE">GPS_Date</attrlabl><attalias Sync="TRUE">GPS_Date</attalias><attrtype Sync="TRUE">Date</attrtype><attwidth Sync="TRUE">8</attwidth><atprecis Sync="TRUE">0</atprecis><attscale Sync="TRUE">0</attscale></attr><attr><attrlabl Sync="TRUE">GPS_Time</attrlabl><attalias Sync="TRUE">GPS_Time</attalias><attrtype Sync="TRUE">String</attrtype><attwidth Sync="TRUE">10</attwidth><atprecis Sync="TRUE">0</atprecis><attscale Sync="TRUE">0</attscale></attr><attr><attrlabl Sync="TRUE">Feat_Name</attrlabl><attalias Sync="TRUE">Feat_Name</attalias><attrtype Sync="TRUE">String</attrtype><attwidth Sync="TRUE">20</attwidth><atprecis Sync="TRUE">0</atprecis><attscale Sync="TRUE">0</attscale></attr><attr><attrlabl Sync="TRUE">Horz_Prec</attrlabl><attalias Sync="TRUE">Horz_Prec</attalias><attrtype Sync="TRUE">Double</attrtype><attwidth Sync="TRUE">19</attwidth><atprecis Sync="TRUE">0</atprecis><attscale Sync="TRUE">0</attscale></attr><attr><attrlabl Sync="TRUE">Field</attrlabl><attalias Sync="TRUE">Field</attalias><attrtype Sync="TRUE">Integer</attrtype><attwidth Sync="TRUE">10</attwidth><atprecis Sync="TRUE">10</atprecis><attscale Sync="TRUE">0</attscale></attr><attr><attrlabl Sync="TRUE">nest</attrlabl><attalias Sync="TRUE">nest</attalias><attrtype Sync="TRUE">Double</attrtype><attwidth Sync="TRUE">19</attwidth><atprecis Sync="TRUE">0</atprecis><attscale Sync="TRUE">0</attscale></attr><attr><attrlabl Sync="TRUE">species</attrlabl><attalias Sync="TRUE">species</attalias><attrtype Sync="TRUE">String</attrtype><attwidth Sync="TRUE">254</attwidth><atprecis Sync="TRUE">0</atprecis><attscale Sync="TRUE">0</attscale></attr><attr><attrlabl Sync="TRUE">clutch</attrlabl><attalias Sync="TRUE">clutch</attalias><attrtype Sync="TRUE">Double</attrtype><attwidth Sync="TRUE">19</attwidth><atprecis Sync="TRUE">0</atprecis><attscale Sync="TRUE">0</attscale></attr><attr><attrlabl Sync="TRUE">Point_ID</attrlabl><attalias Sync="TRUE">Point_ID</attalias><attrtype Sync="TRUE">Integer</attrtype><attwidth Sync="TRUE">10</attwidth><atprecis Sync="TRUE">10</atprecis><attscale Sync="TRUE">0</attscale></attr></detailed></eainfo><mdDateSt Sync="TRUE">20231019</mdDateSt></metadata>
