<metadata xml:lang="en"><Esri><CreaDate>20230701</CreaDate><CreaTime>10192000</CreaTime><ArcGISFormat>1.0</ArcGISFormat><SyncOnce>FALSE</SyncOnce><DataProperties><lineage><Process ToolSource="c:\program files\arcgis\pro\Resources\ArcToolbox\Toolboxes\Data Management Tools.tbx\UpdateSchema" Date="20230701" Time="101920">UpdateSchema "CIMDATA=&lt;CIMStandardDataConnection xsi:type='typens:CIMStandardDataConnection' xmlns:xsi='http://www.w3.org/2001/XMLSchema-instance' xmlns:xs='http://www.w3.org/2001/XMLSchema' xmlns:typens='http://www.esri.com/schemas/ArcGIS/3.1.0'&gt;&lt;WorkspaceConnectionString&gt;DATABASE=C:\Users\IslandRs\Documents\GNSS Projects\schoodic_june_2023\Export&lt;/WorkspaceConnectionString&gt;&lt;WorkspaceFactory&gt;Shapefile&lt;/WorkspaceFactory&gt;&lt;Dataset&gt;Area_generic.shp&lt;/Dataset&gt;&lt;DatasetType&gt;esriDTFeatureClass&lt;/DatasetType&gt;&lt;/CIMStandardDataConnection&gt;" &lt;operationSequence&gt;&lt;workflow&gt;&lt;AddField&gt;&lt;field_name&gt;habitat&lt;/field_name&gt;&lt;field_type&gt;TEXT&lt;/field_type&gt;&lt;field_length&gt;255&lt;/field_length&gt;&lt;field_is_nullable&gt;False&lt;/field_is_nullable&gt;&lt;field_is_required&gt;False&lt;/field_is_required&gt;&lt;/AddField&gt;&lt;/workflow&gt;&lt;/operationSequence&gt;</Process><Process ToolSource="c:\program files\arcgis\pro\Resources\ArcToolbox\toolboxes\Conversion Tools.tbx\ExportFeatures" Date="20230701" Time="105835">ExportFeatures Area_generic C:\Users\IslandRs\Documents\ArcGIS\Projects\schoodic_2023\schoodic_2023.gdb\driftwood_piles # NOT_USE_ALIAS "Comment "Comment" true true false 32 Text 0 0,First,#,Area_generic,Comment,0,32;Max_PDOP "Max_PDOP" true true false 5 Float 1 4,First,#,Area_generic,Max_PDOP,-1,-1;Corr_Type "Corr_Type" true true false 36 Text 0 0,First,#,Area_generic,Corr_Type,0,36;Rcvr_Type "Rcvr_Type" true true false 36 Text 0 0,First,#,Area_generic,Rcvr_Type,0,36;GPS_Date "GPS_Date" true true false 8 Date 0 0,First,#,Area_generic,GPS_Date,-1,-1;GPS_Time "GPS_Time" true true false 10 Text 0 0,First,#,Area_generic,GPS_Time,0,10;Feat_Name "Feat_Name" true true false 20 Text 0 0,First,#,Area_generic,Feat_Name,0,20;Avg_Horz_P "Avg_Horz_P" true true false 16 Double 1 15,First,#,Area_generic,Avg_Horz_P,-1,-1;habitat "habitat" true true false 254 Text 0 0,First,#,Area_generic,habitat,0,254" #</Process><Process ToolSource="c:\program files\arcgis\pro\Resources\ArcToolbox\toolboxes\Data Management Tools.tbx\UpdateSchema" Date="20230701" Time="110813">UpdateSchema "CIMDATA=&lt;CIMStandardDataConnection xsi:type='typens:CIMStandardDataConnection' xmlns:xsi='http://www.w3.org/2001/XMLSchema-instance' xmlns:xs='http://www.w3.org/2001/XMLSchema' xmlns:typens='http://www.esri.com/schemas/ArcGIS/3.1.0'&gt;&lt;WorkspaceConnectionString&gt;DATABASE=C:\Users\IslandRs\Documents\ArcGIS\Projects\schoodic_2023\schoodic_2023.gdb&lt;/WorkspaceConnectionString&gt;&lt;WorkspaceFactory&gt;FileGDB&lt;/WorkspaceFactory&gt;&lt;Dataset&gt;driftwood_piles&lt;/Dataset&gt;&lt;DatasetType&gt;esriDTFeatureClass&lt;/DatasetType&gt;&lt;/CIMStandardDataConnection&gt;" &lt;operationSequence&gt;&lt;workflow&gt;&lt;AlterField&gt;&lt;field_name&gt;habitat&lt;/field_name&gt;&lt;new_field_name&gt;habitat_2&lt;/new_field_name&gt;&lt;field_type&gt;TEXT&lt;/field_type&gt;&lt;field_is_nullable&gt;True&lt;/field_is_nullable&gt;&lt;clear_field_alias&gt;False&lt;/clear_field_alias&gt;&lt;/AlterField&gt;&lt;/workflow&gt;&lt;workflow&gt;&lt;AddField&gt;&lt;field_name&gt;Field&lt;/field_name&gt;&lt;field_type&gt;LONG&lt;/field_type&gt;&lt;field_is_nullable&gt;True&lt;/field_is_nullable&gt;&lt;field_is_required&gt;False&lt;/field_is_required&gt;&lt;/AddField&gt;&lt;/workflow&gt;&lt;/operationSequence&gt;</Process><Process ToolSource="c:\program files\arcgis\pro\Resources\ArcToolbox\toolboxes\Analysis Tools.tbx\PairwiseClip" Date="20230919" Time="014058">PairwiseClip Schoodic_habitat\driftwood_piles Schoodic_habitat\schoodic_sub_berm C:\Users\whodge24\Documents\ArcGIS\Packages\Colonydevelopement2023_5673bb\p30\colonydevelopement2023.gdb\driftwood_berm #</Process><Process ToolSource="c:\program files\arcgis\pro\Resources\ArcToolbox\toolboxes\Data Management Tools.tbx\CalculateField" Date="20230919" Time="014502">CalculateField Schoodic_habitat\driftwood_berm habitat 'berm' "Python 3" # Text NO_ENFORCE_DOMAINS</Process><Process ToolSource="c:\program files\arcgis\pro\Resources\ArcToolbox\toolboxes\Data Management Tools.tbx\CalculateField" Date="20230919" Time="014536">CalculateField Schoodic_habitat\driftwood_berm rating '3' "Python 3" # Text NO_ENFORCE_DOMAINS</Process><Process ToolSource="c:\program files\arcgis\pro\Resources\ArcToolbox\toolboxes\Data Management Tools.tbx\Merge" Date="20230919" Time="015519">Merge Schoodic_habitat\driftwood_berm;Schoodic_habitat\driftwood_veg;Schoodic_habitat\meadow_schoodic;Schoodic_habitat\schoodic_rocky_meadow;Schoodic_habitat\schoodic_rocky_veg;Schoodic_habitat\schoodic_sub_berm1;Schoodic_habitat\schoodic_veg C:\Users\whodge24\Documents\ArcGIS\Packages\Colonydevelopement2023_5673bb\p30\colonydevelopement2023.gdb\schoodic_all_habitat "Shape_Length "Shape_Length" false true true 8 Double 0 0,First,#,Schoodic_habitat\driftwood_berm,Shape_Length,-1,-1,Schoodic_habitat\driftwood_veg,Shape_Length,-1,-1,Schoodic_habitat\meadow_schoodic,Shape_Length,-1,-1,Schoodic_habitat\schoodic_rocky_meadow,Shape_Length,-1,-1,Schoodic_habitat\schoodic_rocky_veg,Shape_Length,-1,-1,Schoodic_habitat\schoodic_sub_berm1,Shape_Length,-1,-1,Schoodic_habitat\schoodic_veg,Shape_Length,-1,-1;Shape_Area "Shape_Area" false true true 8 Double 0 0,First,#,Schoodic_habitat\driftwood_berm,Shape_Area,-1,-1,Schoodic_habitat\driftwood_veg,Shape_Area,-1,-1,Schoodic_habitat\meadow_schoodic,Shape_Area,-1,-1,Schoodic_habitat\schoodic_rocky_meadow,Shape_Area,-1,-1,Schoodic_habitat\schoodic_rocky_veg,Shape_Area,-1,-1,Schoodic_habitat\schoodic_sub_berm1,Shape_Area,-1,-1,Schoodic_habitat\schoodic_veg,Shape_Area,-1,-1;habitat "habitat" true true false 512 Text 0 0,First,#,Schoodic_habitat\driftwood_berm,habitat,0,512,Schoodic_habitat\driftwood_veg,habitat,0,512,Schoodic_habitat\meadow_schoodic,habitat,0,254,Schoodic_habitat\schoodic_rocky_meadow,habitat,0,512,Schoodic_habitat\schoodic_rocky_veg,habitat,0,512,Schoodic_habitat\schoodic_sub_berm1,habitat,0,512,Schoodic_habitat\schoodic_veg,habitat,0,512;rating "rating" true true false 512 Text 0 0,First,#,Schoodic_habitat\driftwood_berm,rating,0,512,Schoodic_habitat\driftwood_veg,rating,0,512,Schoodic_habitat\meadow_schoodic,Rating,0,512,Schoodic_habitat\schoodic_rocky_meadow,rating,0,512,Schoodic_habitat\schoodic_rocky_veg,rating,0,512,Schoodic_habitat\schoodic_sub_berm1,rating,0,255,Schoodic_habitat\schoodic_veg,rating,0,512;ORIG_FID "ORIG_FID" true true false 4 Long 0 0,First,#,Schoodic_habitat\schoodic_rocky_meadow,ORIG_FID,-1,-1,Schoodic_habitat\schoodic_rocky_veg,ORIG_FID,-1,-1" NO_SOURCE_INFO</Process><Process ToolSource="c:\program files\arcgis\pro\Resources\ArcToolbox\toolboxes\Data Management Tools.tbx\CopyFeatures" Date="20231019" Time="130204">CopyFeatures schoodic_all_habitat "C:\Users\whodge24\Desktop\New folder\schoodic_hab\schoodic_all_habitat.shp" # # # #</Process></lineage><itemProps><itemName Sync="TRUE">schoodic_all_habitat</itemName><imsContentType Sync="TRUE">002</imsContentType><itemLocation><linkage Sync="TRUE">file://\\PC03345\C$\Users\whodge24\Desktop\New folder\schoodic_hab\schoodic_all_habitat.shp</linkage><protocol Sync="TRUE">Local Area Network</protocol></itemLocation><itemSize Sync="TRUE">0.000</itemSize></itemProps><coordRef><type Sync="TRUE">Projected</type><geogcsn Sync="TRUE">GCS_NAD_1983_CORS96</geogcsn><csUnits Sync="TRUE">Linear Unit: Meter (1.000000)</csUnits><projcsn Sync="TRUE">NAD_1983_CORS96_UTM_Zone_19N</projcsn><peXml Sync="TRUE">&lt;ProjectedCoordinateSystem xsi:type='typens:ProjectedCoordinateSystem' xmlns:xsi='http://www.w3.org/2001/XMLSchema-instance' xmlns:xs='http://www.w3.org/2001/XMLSchema' xmlns:typens='http://www.esri.com/schemas/ArcGIS/3.1.0'&gt;&lt;WKT&gt;PROJCS[&amp;quot;NAD_1983_CORS96_UTM_Zone_19N&amp;quot;,GEOGCS[&amp;quot;GCS_NAD_1983_CORS96&amp;quot;,DATUM[&amp;quot;D_NAD_1983_CORS96&amp;quot;,SPHEROID[&amp;quot;GRS_1980&amp;quot;,6378137.0,298.257222101]],PRIMEM[&amp;quot;Greenwich&amp;quot;,0.0],UNIT[&amp;quot;Degree&amp;quot;,0.0174532925199433]],PROJECTION[&amp;quot;Transverse_Mercator&amp;quot;],PARAMETER[&amp;quot;False_Easting&amp;quot;,500000.0],PARAMETER[&amp;quot;False_Northing&amp;quot;,0.0],PARAMETER[&amp;quot;Central_Meridian&amp;quot;,-69.0],PARAMETER[&amp;quot;Scale_Factor&amp;quot;,0.9996],PARAMETER[&amp;quot;Latitude_Of_Origin&amp;quot;,0.0],UNIT[&amp;quot;Meter&amp;quot;,1.0],AUTHORITY[&amp;quot;Esri&amp;quot;,102419]]&lt;/WKT&gt;&lt;XOrigin&gt;-5120900&lt;/XOrigin&gt;&lt;YOrigin&gt;-9998100&lt;/YOrigin&gt;&lt;XYScale&gt;450445547.3910538&lt;/XYScale&gt;&lt;ZOrigin&gt;-100000&lt;/ZOrigin&gt;&lt;ZScale&gt;10000&lt;/ZScale&gt;&lt;MOrigin&gt;-100000&lt;/MOrigin&gt;&lt;MScale&gt;10000&lt;/MScale&gt;&lt;XYTolerance&gt;0.001&lt;/XYTolerance&gt;&lt;ZTolerance&gt;0.001&lt;/ZTolerance&gt;&lt;MTolerance&gt;0.001&lt;/MTolerance&gt;&lt;HighPrecision&gt;true&lt;/HighPrecision&gt;&lt;WKID&gt;102419&lt;/WKID&gt;&lt;LatestWKID&gt;102419&lt;/LatestWKID&gt;&lt;/ProjectedCoordinateSystem&gt;</peXml></coordRef></DataProperties><SyncDate>20231019</SyncDate><SyncTime>13020400</SyncTime><ModDate>20231019</ModDate><ModTime>13020400</ModTime></Esri><dataIdInfo><envirDesc Sync="TRUE">Microsoft Windows 10 Version 10.0 (Build 19045) ; Esri ArcGIS 13.1.3.41833</envirDesc><dataLang><languageCode value="eng" Sync="TRUE"></languageCode><countryCode value="USA" Sync="TRUE"></countryCode></dataLang><idCitation><resTitle Sync="TRUE">schoodic_all_habitat</resTitle><presForm><PresFormCd value="005" Sync="TRUE"></PresFormCd></presForm></idCitation><spatRpType><SpatRepTypCd value="001" Sync="TRUE"></SpatRepTypCd></spatRpType></dataIdInfo><mdLang><languageCode value="eng" Sync="TRUE"></languageCode><countryCode value="USA" Sync="TRUE"></countryCode></mdLang><distInfo><distFormat><formatName Sync="TRUE">Shapefile</formatName></distFormat><distTranOps><transSize Sync="TRUE">0.000</transSize></distTranOps></distInfo><mdHrLv><ScopeCd value="005" Sync="TRUE"></ScopeCd></mdHrLv><mdHrLvName Sync="TRUE">dataset</mdHrLvName><refSysInfo><RefSystem><refSysID><identCode code="102419" Sync="TRUE"></identCode><idCodeSpace Sync="TRUE">Esri</idCodeSpace><idVersion Sync="TRUE">10.0.0</idVersion></refSysID></RefSystem></refSysInfo><spatRepInfo><VectSpatRep><geometObjs Name="schoodic_all_habitat"><geoObjTyp><GeoObjTypCd value="002" Sync="TRUE"></GeoObjTypCd></geoObjTyp><geoObjCnt Sync="TRUE">0</geoObjCnt></geometObjs><topLvl><TopoLevCd value="001" Sync="TRUE"></TopoLevCd></topLvl></VectSpatRep></spatRepInfo><spdoinfo><ptvctinf><esriterm Name="schoodic_all_habitat"><efeatyp Sync="TRUE">Simple</efeatyp><efeageom code="4" Sync="TRUE"></efeageom><esritopo Sync="TRUE">FALSE</esritopo><efeacnt Sync="TRUE">0</efeacnt><spindex Sync="TRUE">FALSE</spindex><linrefer Sync="TRUE">FALSE</linrefer></esriterm></ptvctinf></spdoinfo><eainfo><detailed Name="schoodic_all_habitat"><enttyp><enttypl Sync="TRUE">schoodic_all_habitat</enttypl><enttypt Sync="TRUE">Feature Class</enttypt><enttypc Sync="TRUE">0</enttypc></enttyp><attr><attrlabl Sync="TRUE">FID</attrlabl><attalias Sync="TRUE">FID</attalias><attrtype Sync="TRUE">OID</attrtype><attwidth Sync="TRUE">4</attwidth><atprecis Sync="TRUE">0</atprecis><attscale Sync="TRUE">0</attscale><attrdef Sync="TRUE">Internal feature number.</attrdef><attrdefs Sync="TRUE">Esri</attrdefs><attrdomv><udom Sync="TRUE">Sequential unique whole numbers that are automatically generated.</udom></attrdomv></attr><attr><attrlabl Sync="TRUE">Shape</attrlabl><attalias Sync="TRUE">Shape</attalias><attrtype Sync="TRUE">Geometry</attrtype><attwidth Sync="TRUE">0</attwidth><atprecis Sync="TRUE">0</atprecis><attscale Sync="TRUE">0</attscale><attrdef Sync="TRUE">Feature geometry.</attrdef><attrdefs Sync="TRUE">Esri</attrdefs><attrdomv><udom Sync="TRUE">Coordinates defining the features.</udom></attrdomv></attr><attr><attrlabl Sync="TRUE">habitat</attrlabl><attalias Sync="TRUE">habitat</attalias><attrtype Sync="TRUE">String</attrtype><attwidth Sync="TRUE">254</attwidth><atprecis Sync="TRUE">0</atprecis><attscale Sync="TRUE">0</attscale></attr><attr><attrlabl Sync="TRUE">rating</attrlabl><attalias Sync="TRUE">rating</attalias><attrtype Sync="TRUE">String</attrtype><attwidth Sync="TRUE">254</attwidth><atprecis Sync="TRUE">0</atprecis><attscale Sync="TRUE">0</attscale></attr><attr><attrlabl Sync="TRUE">ORIG_FID</attrlabl><attalias Sync="TRUE">ORIG_FID</attalias><attrtype Sync="TRUE">Integer</attrtype><attwidth Sync="TRUE">10</attwidth><atprecis Sync="TRUE">10</atprecis><attscale Sync="TRUE">0</attscale></attr><attr><attrlabl Sync="TRUE">Shape_Leng</attrlabl><attalias Sync="TRUE">Shape_Leng</attalias><attrtype Sync="TRUE">Double</attrtype><attwidth Sync="TRUE">19</attwidth><atprecis Sync="TRUE">0</atprecis><attscale Sync="TRUE">0</attscale></attr><attr><attrlabl Sync="TRUE">Shape_Area</attrlabl><attalias Sync="TRUE">Shape_Area</attalias><attrtype Sync="TRUE">Double</attrtype><attwidth Sync="TRUE">19</attwidth><atprecis Sync="TRUE">0</atprecis><attscale Sync="TRUE">0</attscale><attrdef Sync="TRUE">Area of feature in internal units squared.</attrdef><attrdefs Sync="TRUE">Esri</attrdefs><attrdomv><udom Sync="TRUE">Positive real numbers that are automatically generated.</udom></attrdomv></attr></detailed></eainfo><mdDateSt Sync="TRUE">20231019</mdDateSt></metadata>
