<?xml version="1.0" encoding="UTF-8"?>
<metadata xml:lang="en"><Esri><CreaDate>20231019</CreaDate><CreaTime>13002900</CreaTime><ArcGISFormat>1.0</ArcGISFormat><SyncOnce>TRUE</SyncOnce><DataProperties><lineage><Process ToolSource="c:\program files\arcgis\pro\Resources\ArcToolbox\toolboxes\Data Management Tools.tbx\CopyFeatures" Date="20231019" Time="130029">CopyFeatures working_layers\gull_eider_nests "C:\Users\whodge24\Desktop\New folder\shabby_nests\gull_eider_nests.shp" # # # #</Process></lineage></DataProperties></Esri></metadata>
