<?xml version="1.0" encoding="UTF-8"?>
<metadata xml:lang="en"><Esri><CreaDate>20231019</CreaDate><CreaTime>13023800</CreaTime><ArcGISFormat>1.0</ArcGISFormat><SyncOnce>TRUE</SyncOnce><DataProperties><lineage><Process ToolSource="c:\program files\arcgis\pro\Resources\ArcToolbox\toolboxes\Data Management Tools.tbx\CopyFeatures" Date="20231019" Time="130238">CopyFeatures nests\all_nests "C:\Users\whodge24\Desktop\New folder\schoodic_nests\all_nests.shp" # # # #</Process></lineage></DataProperties></Esri></metadata>
